id,name,address,personal_email,personal_phone,prgm_start_date,student_status
16172,Lisa Jenkins,"PSC 0267, Box 0805 APO AP 17168",umata@example.com,(327)784-5725x76441,2015-10-24,Inactive
16173,Paul Harris,"PSC 7566, Box 7683 APO AP 10096",brandi72@example.org,001-474-655-7343x22526,2023-04-15,Active
16174,Jessica Buckley,"23472 Anthony Dale Gonzalezhaven, WA 69158",jonestammy@example.net,631.893.1880,1997-08-18,Inactive
16175,Christine Stanley,"437 Michael Summit Shannonstad, MA 51520",matthew86@example.net,001-384-909-6230x04776,2022-06-30,Active
16176,Richard Moore,"86455 Hannah Trail Ruizborough, NY 78001",dana25@example.org,402.538.6816,2008-07-17,Inactive
16177,Phillip Barnett,Unit 3359 Box 4047 DPO AP 27762,rachelparker@example.net,951-904-9172,1997-06-30,Inactive
16178,Brooke Green,"4262 Jamie Pines Suite 092 Phillipshaven, GU 42132",sparksjennifer@example.org,(636)555-6494,2017-12-13,Inactive
16179,Amanda Burch,"85614 Calvin Manor Apt. 485 East Cody, NM 44041",kimberly02@example.org,2924988506,2000-01-10,Inactive
16180,Priscilla Garner,"473 Woods Via South Jonathan, WA 76647",sandragarcia@example.com,(589)867-5708x7292,1997-08-27,Inactive
16181,Sheri Silva,"9151 Christopher Isle New Jeremy, MP 48141",elizabeth74@example.org,589.794.3535x301,2008-07-04,Inactive
16182,Samantha Washington,"16999 Glover Hills Stephenschester, SD 36389",creid@example.org,900.333.9352x490,2021-12-08,Inactive
16183,Courtney Bowen,"2318 Andrew Spur Suite 462 Rodriguezstad, GU 66132",allisonbrown@example.org,(286)299-4143,2010-08-30,Inactive
16184,Alexis Lee,"827 Tran Haven Suite 528 West Austin, DE 42908",jenniferdavis@example.com,581-508-8857x5098,1998-01-11,Inactive
16185,Donald Pena,"63007 Jessica Glens Apt. 884 Jayfort, ME 85798",blong@example.net,001-760-426-0351x7444,2019-12-27,Inactive
16186,Kaylee Ramos,"048 Danielle Junctions Apt. 288 Davidview, VA 96919",justin32@example.net,520-282-1215x128,2009-04-17,Inactive
16187,Courtney Sherman,"4375 Hardy Meadow South Craig, RI 81754",michaelwatson@example.org,790.367.1938,2005-05-14,Inactive
16188,Jenna Kelly,"7287 Lyons Viaduct Muellerberg, VI 83928",kennethfrederick@example.net,+1-277-786-2134x592,2013-12-03,Inactive
16189,Emma Lewis,"63013 Nancy Crossroad Lake Amytown, ID 58587",blake41@example.com,943-354-9088x07469,2000-04-09,Inactive
16190,Julian Cox,"81883 Danielle Hills Apt. 671 Lake Andreafurt, KS 15172",lauren75@example.org,(777)907-5894,2007-12-05,Inactive
16191,Craig Dorsey,"8816 Johnson Station East Marymouth, CO 28899",matthewbrown@example.org,(567)412-8129x33960,1999-07-13,Inactive
16192,Cathy Perry,"75611 Kennedy Square Suite 913 Benjaminmouth, KS 06858",christine35@example.com,+1-324-232-5161x812,2024-10-06,Active
16193,Mary Cohen,"276 David Union Suite 823 Port Alexanderburgh, AR 10088",michelle82@example.org,729.466.4209x04413,2018-02-24,Inactive
16194,Brooke Brown,"075 Autumn Roads Suite 979 Davidberg, UT 67634",aesparza@example.net,(874)836-2512x83176,2018-08-02,Inactive
16195,Krista Duarte,"2290 Smith Drive Gomezton, MO 55885",bford@example.org,303-632-7842,2011-02-15,Inactive
16196,Melinda King,"1533 Alfred Falls Rhodesport, AS 47671",mcampbell@example.com,287-974-6841x36976,2000-02-12,Inactive
16197,Melissa Hardin,"38979 Phyllis Roads Lake Jordanbury, UT 39607",shawn57@example.net,319.758.7828,2001-11-17,Inactive
16198,Robert Spencer,"864 Harris Canyon Apt. 060 East Nathan, MS 96744",ricardo51@example.org,(873)235-1540x6833,2012-06-17,Inactive
16199,Brittney Jackson,"43573 Michelle Oval Brownberg, NV 94334",nroach@example.com,001-948-589-0017x1781,2011-09-28,Inactive
16200,Cody Mills DVM,"5158 Maria Fort Berryland, NV 46283",coryskinner@example.com,819-616-1939x10070,2015-03-02,Inactive
16201,Hannah Bennett,"220 Ashlee Mount Suite 924 Parksstad, MS 42902",gregorybonilla@example.com,7495811167,2008-10-02,Inactive
16202,Rachel Bradley,"1088 Lewis Forest Apt. 060 Lake Ashleychester, NJ 09173",faithhoffman@example.net,711-416-5922x8057,1995-02-22,Inactive
16203,Scott Myers,"52148 Stout Drives West Joelburgh, FM 93436",sramirez@example.net,3112421682,2000-02-12,Inactive
16204,Joseph Nicholson,"0901 James Causeway Apt. 401 East Matthewshire, GU 41898",wangapril@example.com,+1-558-943-5900x260,2013-07-29,Inactive
16205,Donald Love,Unit 3559 Box 2151 DPO AP 29557,bethany51@example.com,+1-578-737-4849,1998-07-23,Inactive
16206,Amy Cochran,"183 Ryan Spurs Suite 604 Georgemouth, KS 17041",thernandez@example.org,(606)933-9720x03550,2021-01-26,Inactive
16207,Megan Christian,"25592 Kim Branch Tonyaview, WY 80310",ramirezsusan@example.net,339-615-5213x121,2016-11-09,Inactive
16208,Albert Sanchez,"71114 Peterson Isle Suite 812 East Anthony, GA 13073",bushbrandon@example.com,001-282-797-7265x87797,2012-07-06,Inactive
16209,Paul Cruz,"6353 Crystal Spur Apt. 974 East Elizabethland, TN 68466",hoffmanreginald@example.com,001-478-369-2038x57011,2006-03-15,Inactive
16210,Jenna Shields,"7781 Stacy Crest Suite 531 Beverlyshire, AL 78006",xgoodman@example.org,526.493.6466x623,1999-08-07,Inactive
16211,Sue Wilkins,USCGC Mcdonald FPO AP 05694,moranjonathan@example.net,001-578-808-8368x2417,2011-04-29,Inactive
16212,Jocelyn Ross,"27664 Debbie Fork Rileyton, PW 30581",kendracruz@example.com,3736207710,2011-10-29,Inactive
16213,Don Davis,"16392 Joshua Brook West Nicholas, TX 31565",pearsonerin@example.com,689-877-4117,2013-04-26,Inactive
16214,Judith Walker,"61585 Megan Park Port Bethany, PA 07486",mwallace@example.org,560.738.5676,2010-01-14,Inactive
16215,James Mercer,"PSC 2382, Box 8908 APO AE 48048",parsonsashlee@example.com,2355128580,2022-08-17,Active
16216,Cynthia Freeman,"622 Catherine Ridge Apt. 977 East Nicholasshire, VI 55299",jeffreypeterson@example.org,2773438616,2003-09-17,Inactive
16217,Kenneth Glover,"882 Thomas Lights Apt. 532 Olsenside, TN 73598",dana20@example.com,582.222.2517,2005-05-21,Inactive
16218,Michael Castaneda,"820 Hancock Roads Apt. 068 South Samuelberg, NC 32060",morgandanielle@example.org,821.337.1133,2023-05-24,Active
16219,Norman Williams,"3914 Fuller Ways Apt. 656 Owensshire, RI 92816",sherry30@example.org,(776)372-2487,2019-04-16,Inactive
16220,Jeffrey Booth,"70748 Wood Ford West Deniseborough, KS 02886",johnsonlindsey@example.org,(891)982-4315,1998-06-18,Inactive
16221,William Barton,"2771 Daniel Islands Apt. 894 New Charlene, AK 17240",carrie83@example.org,001-539-743-2398,2023-12-31,Active
16222,Lawrence Johnson,"79967 Garrett Keys Tarahaven, ND 26384",tiffany81@example.org,+1-886-814-8391x4618,2004-12-06,Inactive
16223,Tracy Jackson,"492 Chang Overpass Apt. 753 Garciaview, OR 48360",pmartin@example.com,731-670-4155,2022-05-15,Active
16224,Erik Moreno,"61905 Sanchez Drive Michelleview, SC 94428",eoliver@example.org,837.576.0214x694,2024-09-09,Active
16225,Tyler Rivera,"0367 Lloyd Union Apt. 233 Jamesport, CA 79114",greenbrandon@example.net,5855448457,2021-02-11,Inactive
16226,Manuel Chen MD,"57951 Austin Neck Maloneport, NM 66457",ramosamanda@example.org,362-441-5888x367,2023-04-28,Active
16227,Susan Hughes,"7035 Trevino Club Port Annettehaven, MN 15332",carlmays@example.com,001-315-526-7334x6950,2009-12-25,Inactive
16228,Jason Meyers,"17278 Butler Drive East Joy, NC 18787",josephray@example.com,838.474.4554x00344,2008-10-15,Inactive
16229,Trevor Carter,"553 Heather Plaza New Nicholas, WY 41016",juan92@example.org,678-771-2342,2009-03-23,Inactive
16230,Tyler Nelson,"8960 Jasmine Falls Cynthiaton, MN 61642",andersonjustin@example.com,212-524-7677x7070,1995-09-13,Inactive
16231,Jennifer Klein,"5428 Swanson Key Williamstad, WI 92053",owashington@example.com,001-799-592-6645,2007-08-10,Inactive
16232,Kristina Murillo,"2040 Cheyenne Drive New Kristyborough, HI 37237",whitneyscott@example.org,(383)577-0123x947,2010-04-28,Inactive
16233,Ashley Peterson,"86823 Lisa Plaza New Jacobland, NJ 57360",ybutler@example.com,218-704-0315x988,2013-12-16,Inactive
16234,Kellie Gilbert,"9715 Pitts Roads Darlenefurt, PR 92815",cameroncase@example.org,8595555946,2022-11-30,Active
16235,Jason Holland,"9430 Baker Fall Port Joe, AZ 16952",patriciastephens@example.com,001-525-949-4330x029,2020-07-27,Inactive
16236,Jill Pierce,"167 Choi Cove Suite 785 Port Davidport, CA 88215",tcooper@example.net,(888)739-4791x4557,1998-01-01,Inactive
16237,Brandy Combs,"3627 Love Mill Suite 567 North Brianaton, VI 70918",joseph41@example.net,(659)805-8675,1997-12-21,Inactive
16238,Mark Foster,"0997 Cardenas Valley Suite 643 Tanyaport, KS 47666",bushanna@example.com,812.915.5752,2016-07-24,Inactive
16239,Dale Small,"82947 Smith Forest North Meghan, KY 19218",tjohnson@example.com,+1-763-267-4902x824,2006-08-25,Inactive
16240,William Thompson,"29694 Lisa Stream Suite 534 East Rebecca, IN 27615",hmoses@example.com,001-344-439-3552x35064,2011-12-13,Inactive
16241,Greg Ferguson,"3498 Morgan Ville West Meghanmouth, NJ 23153",stephanie91@example.org,432-400-2737x004,2022-03-08,Active
16242,Jessica Moran,"56848 Patricia Rest Apt. 465 Lake Debrafurt, WY 03496",smithanthony@example.net,(344)226-1586x768,2016-07-26,Inactive
16243,Justin Ortega,"0669 Spencer Neck East Jonathanville, WI 21216",lroberts@example.org,001-729-592-5806x151,2000-07-25,Inactive
16244,Jonathan Manning,"57655 King Drive Suite 039 West Alexandria, WA 87813",corysilva@example.com,345.559.6663x252,2009-03-29,Inactive
16245,Victor Burke,"4392 Rodriguez Shores North Danielletown, RI 71042",jenniferbowers@example.net,+1-829-753-1230x61970,2015-04-05,Inactive
16246,Christopher Clark,"399 Lawson River Lake Dominiqueview, AR 01145",lisanewton@example.org,782-820-4719x6629,2017-11-02,Inactive
16247,William Chen,"PSC 5352, Box 9616 APO AP 57200",michelle12@example.com,404-384-5038x754,2007-12-13,Inactive
16248,Nathan Carrillo,"53906 Andrew Path Apt. 830 Michaelborough, KY 77034",patriciachen@example.org,721.276.6084,1995-03-03,Inactive
16249,Nathan Jensen,"8747 Allen Village Dunnchester, NJ 65781",williamsamber@example.com,001-501-978-4315x9026,1996-03-15,Inactive
16250,Nicholas Woods,"723 Michael Court West Mikayla, FL 89113",brian62@example.net,+1-532-833-6602x424,2014-06-27,Inactive
16251,Karl Horne,"246 Mark Tunnel Apt. 596 Castilloside, IL 76813",oallison@example.net,+1-712-642-7058x5834,2009-05-26,Inactive
